epoch #,Training loss,epoch_time (seconds)
0,1.0853651762008667,550
1,1.0487637519836426,550
2,1.0113800764083862,550
3,0.9732176661491394,550
4,0.9342836141586304,550
5,0.8945872187614441,550
6,0.85414057970047,550
7,0.8129580616950989,550
8,0.7710564136505127,550
9,0.7284545302391052,550
10,0.6851732134819031,550
11,0.6412352919578552,550
12,0.5966648459434509,550
13,0.5514872074127197,550
14,,550
15,,550
16,,550
